{  
  "WinterCrop": true,
  "AssimilatePartitioningCoeff":[  
    [  
      0.5,
      0.5,
      0,
      0
    ],
    [  
      0.29999999999999999,
      0.20000000000000001,
      0.5,
      0
    ],
    [  
      0.10000000000000001,
      0.20000000000000001,
      0.40000000000000002,
      0.29999999999999999
    ],
    [  
      0,
      0,
      0,
      1
    ],
    [  
      0,
      0,
      0,
      1
    ],
    [  
      0,
      0,
      0,
      0
    ]
  ],
  "BaseDaylength":[  
    [  
      0,
      0,
      6,
      6,
      0,
      0
    ],
    "h"
  ],
  "BeginSensitivePhaseHeatStress":[  
    420,
    "°C d"
  ],
  "CriticalTemperatureHeatStress":[  
    31,
    "°C"
  ],
  "CropHeightP1":12,
  "CropHeightP2":0.60000002384185791,
  "CropSpecificMaxRootingDepth":0.81,
  "CultivarName":"winter barley",
  "DaylengthRequirement":[  
    [  
      0,
      24,
      21,
      16,
      0,
      0
    ],
    "h"
  ],
  "Description":"",
  "DroughtStressThreshold":[  
    0.57,
    0.73,
    0.91,
    0.7,
    1,
    0.71
  ],
  "EndSensitivePhaseHeatStress":[  
    540,
    "°C d"
  ],
  "FrostDehardening":5.05,
  "FrostHardening":0.018,
  "HeatSumIrrigationEnd":1032,
  "HeatSumIrrigationStart":560,
  "LT50cultivar":-15,
  "LatestHarvestDoy":-1,
  "LowTemperatureExposure":0.654,
  "MaxAssimilationRate":35,
  "MaxCropHeight":[  
    0.87000000476837158,
    "m"
  ],
  "OptimumTemperature":[  
    [  
      30,
      30,
      30,
      30,
      30,
      30
    ],
    "°C"
  ],
  "OrganIdsForCutting":[  

  ],
  "OrganIdsForPrimaryYield":[  
    {  
      "organId":4,
      "type":"YieldComponent",
      "yieldDryMatter":0.85999999999999999,
      "yieldPercentage":0.84999999999999998
    }
  ],
  "OrganIdsForSecondaryYield":[  
    {  
      "organId":2,
      "type":"YieldComponent",
      "yieldDryMatter":0.85999999999999999,
      "yieldPercentage":0.84999999999999998
    },
    {  
      "organId":3,
      "type":"YieldComponent",
      "yieldDryMatter":0.85999999999999999,
      "yieldPercentage":0.90000000000000002
    }
  ],
  "OrganSenescenceRate":[  
    [  
      0,
      0,
      0,
      0
    ],
    [  
      0,
      0,
      0,
      0
    ],
    [  
      0,
      0,
      0,
      0
    ],
    [  
      0,
      0,
      0,
      0
    ],
    [  
      0,
      0.050000000000000003,
      0,
      0
    ],
    [  
      0,
      0.050000000000000003,
      0,
      0
    ]
  ],
  "Perennial":false,
  "ResidueNRatio":0.30000001192092896,
  "RespiratoryStress":0.54,
  "SpecificLeafArea":[  
    [  
      0.002,
      0.0019,
      0.0018,
      0.0016999999999999999,
      0.0016000000000000001,
      0.0016000000000000001
    ],
    "ha kg-1"
  ],
  "StageKcFactor":[  
    [  
      0.21,
      0.83,
      1.4,
      1.39,
      0.98,
      0.26
    ],
    "1;0"
  ],
  "StageTemperatureSum":[  
    [  
      137,
      318,
      290,
      90,
      282,
      25
    ],
    "°C d"
  ],
  "VernalisationRequirement":[  
    0,
    37,
    0,
    0,
    0,
    0
  ],
  "type":"CultivarParameters"
}