like1,parSpecificLeafArea_1,parSpecificLeafArea_2,parSpecificLeafArea_3,parSpecificLeafArea_4,parSpecificLeafArea_5,parSpecificLeafArea_6,parStageTemperatureSum_1,parStageTemperatureSum_2,parStageTemperatureSum_3,parStageTemperatureSum_4,parStageTemperatureSum_5,parStageTemperatureSum_6,parDroughtStressThreshold_1,parDroughtStressThreshold_2,parDroughtStressThreshold_3,parDroughtStressThreshold_4,parDroughtStressThreshold_5,parDroughtStressThreshold_6,parStageKcFactor_1,parStageKcFactor_2,parStageKcFactor_3,parStageKcFactor_4,parStageKcFactor_5,parStageKcFactor_6,parBaseDaylength_2,parBaseDaylength_3,parBaseDaylength_4,parDaylengthRequirement_2,parDaylengthRequirement_3,parDaylengthRequirement_4,parVernalisationRequirement_2,parRootPenetrationRate,parSpecificRootLength,parMaxAssimilationRate,parCropSpecificMaxRootingDepth,simulation_0,simulation_1,simulation_2,simulation_3,simulation_4,simulation_5,simulation_6,simulation_7,simulation_8,simulation_9,chain
2461.1572,0.0023964753,0.0011787195,0.0007585563,0.0015059132,0.00083431066,0.0026633975,103.22069,318.4634,360.62775,72.683716,369.46063,31.884993,1.0003737,0.79432994,0.9102871,1.2963752,0.6138446,0.530145,0.35166565,0.694332,1.0723964,0.9485268,0.6613054,0.16533376,6.0249724,8.516763,9.520871,17.17297,22.420805,22.34136,35.17395,0.00084459095,348.71872,22.572237,1.1649398,6532.9,1235.9,6532.9,6532.5,6532.5,6439.8,6439.8,6293.5,6293.5,1462.4,1.0
3788.3223,0.002683893,0.0014547862,0.0005582637,0.0015606731,0.002590665,0.0019812754,119.4278,151.09712,364.94022,233.90741,410.60782,32.13968,1.2197093,0.9972317,0.8172347,1.2497793,0.9745298,1.0052506,0.3026332,0.6888343,1.1877428,0.8779804,0.8857196,0.31040236,5.732539,7.7064886,8.314089,19.768064,16.939236,21.26385,26.771141,0.0008691127,266.9274,29.530159,1.2335601,9351.2,1544.8,9351.2,9351.0,9351.0,8476.3,8476.3,8478.3,8478.3,1804.6,1.0
5318.572,0.0017142048,0.0029883203,0.0023331388,0.002750417,0.0028148983,0.0016445295,55.363182,242.27687,287.63727,256.70837,566.83026,20.192272,0.7650097,1.052867,0.9260367,0.9832067,0.92432636,0.7419045,0.3524637,0.72528166,1.0947485,1.2713239,0.8183441,0.1723449,6.1772556,8.760936,6.842394,16.27833,17.853718,22.49559,67.03487,0.00092316314,328.27612,29.706623,1.1824976,10620.5,1601.7,10620.5,11704.2,11704.2,10614.2,10614.2,10604.8,10604.8,1773.2,1.0
